RepRapFirmware height map file v2 generated at 2026-09-19 14:06, min error -1.029, max error 0.178, mean -0.013, deviation 0.222
axis0,axis1,min0,max0,min1,max1,radius,spacing0,spacing1,num0,num1
X,Y,2.21,208.00,12.00,238.00,-1.00,20.58,20.54,11,12
      0,      0,      0,      0,      0,      0,      0,      0,      0,      0,      0
      0,  0.010,  0.045,  0.041,  0.021, -0.011, -0.017, -0.029, -0.022, -0.011,  0.003
 -1.026,  0.048,  0.081,  0.081,  0.052,  0.016, -0.011, -0.029, -0.022, -0.004,      0
      0,  0.072,  0.094,  0.081,  0.052,  0.016, -0.011, -0.043, -0.043, -0.022,  0.010
 -1.029,  0.063,  0.076,  0.059,  0.041,  0.016, -0.011, -0.049, -0.059, -0.043,      0
      0,  0.076,  0.081,  0.056,  0.041,  0.028,  0.003, -0.036, -0.049, -0.054, -0.029
 -0.986,  0.100,  0.113,  0.087,  0.076,  0.052,  0.034,  0.003, -0.022, -0.022,      0
      0,  0.118,  0.124,  0.107,  0.081,  0.056,  0.028, -0.004, -0.022, -0.036, -0.043
 -0.950,  0.144,  0.161,  0.141,  0.113,  0.072,  0.048,  0.016, -0.004, -0.017,      0
      0,  0.161,  0.178,  0.150,  0.113,  0.070,  0.041,  0.021, -0.004, -0.029, -0.043
 -0.944,  0.154,  0.167,  0.137,  0.100,  0.070,  0.041,  0.010, -0.022, -0.036,      0
      0,  0.118,  0.107,  0.081,  0.059,  0.041,  0.021, -0.022, -0.066, -0.105, -0.152
